{
  "model_version": "v1",
  "test_accuracy": 0.9984177350997925,
  "test_loss": 0.0038696513511240482,
  "meets_target": true,
  "total_samples": 632
}